Symbol,Name,Sector,Dividend Yield,Earnings/Share,Book Value,Market Cap,EBITDA
MMM,3M Company,Industrials,2.48,8.16,17.26,112.74,8.7
ABT,Abbott Laboratories,Health Care,2.34,0.94,13.94,77.76,4.59
ABBV,AbbVie,Health Care,4.04,3.63,2.91,101.52,10.95
ACN,Accenture plc,Information Technology,1.96,6.76,11.95,77.29,5.66
ATVI,Activision Blizzard,Information Technology,0.64,1.28,12.23,36.13,2.14
AYI,Acuity Brands Inc,Industrials,0.25,6.92,39.5,9,0.5862
ADBE,Adobe Systems Inc,Information Technology,0,2.32,15.02,59.28,1.82
AAP,Advance Auto Parts,Consumer Discretionary,0.15,6.2,39.66,11.18,1.12
AES,AES Corp,Utilities,4.16,-1.71,4.24,7.47,3.42
AET,Aetna Inc,Health Care,1.53,6.41,50.84,45.93,6.2
AMG,Affiliated Managers Group Inc,Financials,0.47,8.57,63.84,9.44,0.835
AFL,AFLAC Inc,Financials,2.38,6.42,50.47,28.88,4.78
A,Agilent Technologies Inc,Health Care,1.02,1.56,13.35,16.49,0.942
APD,Air Products & Chemicals Inc,Materials,2.72,2.6,32.91,30.38,3.13
AKAM,Akamai Technologies Inc,Information Technology,0,1.79,18.61,10.96,0.70798
ALK,Alaska Air Group Inc,Industrials,1.21,6.54,23.77,11.74,1.82
ALB,Albemarle Corp,Materials,1.22,5.68,33.73,11.68,0.70201
ALXN,Alexion Pharmaceuticals,Health Care,0,1.76,38.81,29.02,1.17
ALLE,Allegion,Industrials,0.87,2.36,1.19,6.96,0.4789
AGN,"Allergan, Plc",Health Care,1.14,38.18,212.79,80.32,6.1
ADS,Alliance Data Systems,Information Technology,0.85,7.34,28.89,13.7,1.46
LNT,Alliant Energy Corp,Utilities,3.22,1.64,16.96,8.94,1.03
ALL,Allstate Corp,Financials,1.66,4.67,51.44,29.74,3.46
GOOGL,Alphabet Inc Class A,Information Technology,0,27.88,201.12,588.5,29.86
GOOG,Alphabet Inc Class C,Information Technology,0,27.88,201.12,575.2,29.86
MO,Altria Group Inc,Consumer Staples,3.23,7.28,6.58,147.64,9.5
AMZN,Amazon.com Inc,Consumer Discretionary,0,4.9,40.43,403.7,11.67
AEE,Ameren Corp,Utilities,3.21,2.68,29.28,13.3,2.3
AAL,American Airlines Group,Industrials,0.85,4.81,7.46,22.61,7.83
AEP,American Electric Power,Utilities,3.55,1.24,35.38,32.57,5.29
AXP,American Express Co,Financials,1.6,5.65,22.68,71.72,0
AIG,"American International Group, Inc.",Financials,1.99,-0.78,76.66,62.15,4.34
AMT,American Tower Corp A,Real Estate,2.01,1.98,15.84,49,3.46
AWK,American Water Works Company Inc,Utilities,1.94,2.62,29.3,13.7,1.62
AMP,Ameriprise Financial,Financials,2.25,7.81,40.66,20.36,2.77
ABC,AmerisourceBergen Corp,Health Care,1.58,5.99,9.75,19.22,2.16
AME,AMETEK Inc,Industrials,0.66,2.19,14.2,12.51,1.01
AMGN,Amgen Inc,Health Care,2.55,10.24,40.47,130.63,12
APH,Amphenol Corp,Information Technology,0.91,2.61,11.92,21.62,1.46
APC,Anadarko Petroleum Corp,Energy,0.32,-5.9,22.16,35.31,2.97
ADI,"Analog Devices, Inc.",Information Technology,2.16,2.93,17.16,25.79,1.37
ANTM,Anthem Inc.,Health Care,1.57,9.21,95.17,43.89,5.78
AON,Aon plc,Financials,1.13,5.16,20.9,30.34,2.39
APA,Apache Corporation,Energy,1.92,-3.71,16.44,19.47,2.4
AIV,Apartment Investment & Mgmt,Real Estate,3.17,2.67,10.64,7.13,0.57096
AAPL,Apple Inc.,Information Technology,1.63,8.33,25.19,732,69.75
AMAT,Applied Materials Inc,Information Technology,1.08,1.94,7.12,39.92,2.99
ADM,Archer-Daniels-Midland Co,Consumer Staples,2.83,2.16,29.97,25.39,2.54
ARNC,Arconic Inc,Industrials,0.85,-2.31,11.53,11.89,2.29
AJG,Arthur J. Gallagher & Co.,Financials,2.74,2.32,20.17,10.06,0.8688
AIZ,Assurant Inc,Financials,2.12,9.13,73.26,5.54,1.04
T,AT&T Inc,Telecommunications Services,4.67,2.1,20.06,257.21,49.74
ADSK,Autodesk Inc,Information Technology,0,-2.6,3.33,18.15,-0.2799
ADP,Automatic Data Processing,Information Technology,2.18,3.72,8.5,46.81,2.73
AN,AutoNation Inc,Consumer Discretionary,0,4.15,22.95,4.57,0.9707
AZO,AutoZone Inc,Consumer Discretionary,0,42.64,-64.18,20.29,2.39
AVB,"AvalonBay Communities, Inc.",Real Estate,3.14,7.52,74.07,25.14,1.32
AVY,Avery Dennison Corp,Materials,2.01,3.54,10.48,7.09,0.7403
BHI,Baker Hughes Inc,Energy,1.14,-6.31,29.76,25.27,-0.121
BLL,Ball Corp,Materials,0.7,1.39,20.04,12.63,1.28
BAC,Bank of America Corp,Financials,1.18,1.5,24.04,265.12,0
BCR,Bard (C.R.) Inc.,Health Care,0.42,7.03,22.98,17.7,1.15
BAX,Baxter International Inc.,Health Care,1.02,9.01,15.36,27.57,1.97
BBT,BB&T Corporation,Financials,2.47,2.77,33.14,38.75,0
BDX,Becton Dickinson,Health Care,1.58,6.01,35.63,39.15,3.26
BBBY,Bed Bath & Beyond,Consumer Discretionary,1.24,4.71,17.82,5.73,1.5
BBY,Best Buy Co. Inc.,Consumer Discretionary,2.64,3.81,15.03,13.96,2.6
BIIB,BIOGEN IDEC Inc.,Health Care,0,16.93,56.23,62.86,6.37
BLK,BlackRock,Financials,2.56,19.04,178.38,62.86,4.88
HRB,Block H&R,Financials,4.19,1.56,-2.64,4.32,0.82645
BA,Boeing Company,Industrials,3.12,7.61,1.32,111.48,8.68
BWA,BorgWarner,Consumer Discretionary,1.3,0.55,15.16,8.87,0.8076
BXP,Boston Properties,Real Estate,2.21,3.26,36.32,20.87,1.53
BSX,Boston Scientific,Health Care,0,0.25,4.94,33.38,2.2
BMY,Bristol-Myers Squibb,Health Care,2.72,2.65,9.68,94.22,6.7
AVGO,Broadcom,Information Technology,1.87,-4.73,47.7,87.48,5.95
CHRW,C. H. Robinson Worldwide,Industrials,2.26,3.59,8.9,11.15,0.9008
CA,"CA, Inc.",Information Technology,3.14,1.89,13.49,13.36,1.28
COG,Cabot Oil & Gas,Energy,0.36,-0.91,5.52,10.67,0.46353
CPB,Campbell Soup,Consumer Staples,2.35,1.61,4.83,18.08,1.57
COF,Capital One Financial,Financials,1.7,6.89,98.96,44.57,0
CAH,Cardinal Health Inc.,Health Care,2.17,4.15,17.91,25.62,3.07
KMX,Carmax Inc,Consumer Discretionary,0,3.16,16.09,11.94,1.21
CCL,Carnival Corp.,Consumer Discretionary,2.51,3.72,31.12,40.31,4.76
CAT,Caterpillar Inc.,Industrials,3.24,-0.12,22.4,56.26,4.92
CBOE,CBOE Holdings,Financials,1.28,2.27,3.91,6.34,0.35726
CBG,CBRE Group,Real Estate,0,1.69,9.07,12.02,1.2
CBS,CBS Corp.,Consumer Discretionary,1.06,2.81,8.95,27.82,3.1
CELG,Celgene Corp.,Health Care,0,2.49,8.48,94.97,4.01
CNC,Centene Corporation,Health Care,0,3.43,34.29,12.14,1.97
CNP,CenterPoint Energy,Utilities,3.84,1,8.03,12.06,2.09
CTL,CenturyLink Inc,Telecommunications Services,9.2,1.16,24.52,12.3,6.49
CERN,Cerner,Health Care,0,1.85,11.92,18.12,1.32
CF,CF Industries Holdings Inc,Materials,3.88,-1.19,14.36,7.04,1.24
SCHW,Charles Schwab Corporation,Financials,0.75,1.31,10.23,55.61,0
CHTR,Charter Communications,Consumer Discretionary,0,15.95,149.27,86.92,10.73
CHK,Chesapeake Energy,Energy,0,-33.88,-3.59,4.67,0.215
CVX,Chevron Corp.,Energy,3.8,-0.27,76.95,211.67,13.36
CMG,Chipotle Mexican Grill,Consumer Discretionary,0,0.77,48.67,11.65,0.20481
CB,Chubb Limited,Financials,1.99,8.87,103.6,64,5.69
CHD,Church & Dwight,Consumer Staples,1.45,1.75,7.79,12.62,0.8367
CI,CIGNA Corp.,Health Care,0.03,7.19,53.42,39.03,3.85
XEC,Cimarex Energy,Energy,0.25,-4.62,25.27,11.6,0.58573
CINF,Cincinnati Financial,Financials,2.7,3.55,42.95,12.05,0.913
CTAS,Cintas Corporation,Industrials,0.89,4.8,19.29,12.42,0.98328
CSCO,Cisco Systems,Information Technology,3.38,1.94,12.74,171.27,14.67
C,Citigroup Inc.,Financials,1.05,4.72,74.26,167.63,0
CFG,Citizens Financial Group,Financials,1.46,1.97,38.09,19.33,0
CTXS,Citrix Systems,Information Technology,0,3.41,16.69,12.49,1.03
CME,CME Group Inc.,Financials,2.13,4.53,60.14,41.97,2.45
CMS,CMS Energy,Utilities,3,1.98,15.23,12.42,2
COH,Coach Inc.,Consumer Discretionary,3.55,1.82,10.02,10.61,0.8989
KO,Coca Cola Company,Consumer Staples,3.48,1.49,5.38,180.28,11.53
CTSH,Cognizant Technology Solutions,Information Technology,0,2.55,17.65,35.2,2.67
CL,Colgate-Palmolive,Consumer Staples,2.12,2.72,-0.28,65.08,4.42
CMCSA,Comcast Corp.,Consumer Discretionary,1.69,1.78,11.38,177.45,26.48
CMA,Comerica Inc.,Financials,1.25,2.68,44.47,12.77,0
CAG,ConAgra Foods Inc.,Consumer Staples,1.94,1.42,10.22,17.73,1.83
CXO,Concho Resources,Energy,0,-10.85,52.61,19.35,0.57181
COP,ConocoPhillips,Energy,2.22,-2.91,28.27,58.97,4.86
ED,Consolidated Edison,Utilities,3.6,4.12,46.88,23.38,3.69
STZ,Constellation Brands,Consumer Staples,1.01,6.46,35.26,30.82,2.4
GLW,Corning Inc.,Information Technology,2.22,3.23,16.84,25.73,2.56
COST,Costco Co.,Consumer Staples,1.06,5.42,28.34,73.3,5.03
COTY,"Coty, Inc",Consumer Staples,2.67,-0.03,13.11,14.05,0.8433
CCI,Crown Castle International Corp.,Real Estate,4.14,0.95,20.96,32.99,2.07
CSRA,CSRA Inc.,Information Technology,1.34,1.18,1.87,4.65,0.74557
CSX,CSX Corp.,Industrials,1.46,1.81,12.58,44.88,4.69
CMI,Cummins Inc.,Industrials,2.7,8.23,41.04,25.48,2.31
CVS,CVS Health,Consumer Staples,2.47,4.91,34.71,85.74,13.05
DHI,D. R. Horton,Consumer Discretionary,1.23,2.49,18.7,12.27,1.52
DHR,Danaher Corp.,Health Care,0.64,3.65,33.23,59.67,4.12
DRI,Darden Restaurants,Consumer Discretionary,2.98,3.41,14.93,9.25,0.9302
DVA,DaVita Inc.,Health Care,0,4.29,23.89,13.26,2.5
DE,Deere & Co.,Industrials,2.17,4.62,21.44,35.09,3.89
DLPH,Delphi Automotive,Consumer Discretionary,1.5,4.59,8.9,20.48,2.98
DAL,Delta Air Lines,Industrials,1.62,5.79,16.88,34.68,8.24
XRAY,Dentsply Sirona,Health Care,0.55,1.94,35.26,14.37,0.7795
DVN,Devon Energy Corp.,Energy,0.55,-6.52,11.33,22.85,2.32
DLR,Digital Realty Trust,Real Estate,3.43,2.2,25.68,17.12,1.17
DFS,Discover Financial Services,Financials,1.68,5.77,27.68,27.37,0
DISCA,Discovery Communications-A,Consumer Discretionary,0,1.96,8.83,16.24,2.44
DISCK,Discovery Communications-C,Consumer Discretionary,0,1.96,8.83,15.92,2.44
DG,Dollar General,Consumer Discretionary,1.37,4.26,19.41,19.71,2.37
DLTR,Dollar Tree,Consumer Discretionary,0,3.78,22.83,17.76,2.34
D,Dominion Resources,Utilities,3.94,3.44,23.26,47.81,5.8
DOV,Dover Corp.,Industrials,2.19,3.25,24.45,12.35,1.12
DOW,Dow Chemical,Materials,2.91,3.52,21.46,76.62,8.69
DPS,Dr Pepper Snapple Group,Consumer Staples,2.44,4.54,11.65,17.25,1.65
DTE,DTE Energy Co.,Utilities,3.26,4.83,50.22,18.22,2.24
DD,Du Pont (E.I.),Materials,1.91,2.86,11.31,68.64,5.07
DUK,Duke Energy,Utilities,4.18,3.12,58.62,57.15,10.03
DNB,Dun & Bradstreet,Industrials,1.87,2.65,-27.23,3.94,0.45
ETFC,E*Trade,Financials,0,1.98,21.41,9.63,0
EMN,Eastman Chemical,Materials,2.54,5.75,30.94,11.56,2.11
ETN,Eaton Corporation,Industrials,3.34,4.21,33.15,32.17,3.19
EBAY,eBay Inc.,Information Technology,0,6.35,9.69,36.38,3.01
ECL,Ecolab Inc.,Materials,1.18,4.14,23.65,36.38,2.87
EIX,Edison Int'l,Utilities,2.73,3.98,36.82,25.82,3.96
EW,Edwards Lifesciences,Health Care,0,2.61,12.38,19.24,0.8947
EA,Electronic Arts,Information Technology,0,4.12,11.56,27.22,1.24
EMR,Emerson Electric Company,Industrials,3.18,2.46,12,38.85,3.11
ETR,Entergy Corp.,Utilities,4.62,-3.26,45.12,13.45,3.74
EVHC,Envision Healthcare,Health Care,0,-0.47,57.91,7.69,0.7955
EOG,EOG Resources,Energy,0.68,-1.98,24.24,57.41,2.68
EQT,EQT Corporation,Energy,0.2,-2.71,33.91,10.16,0.71958
EFX,Equifax Inc.,Industrials,1.17,4.04,22.21,15.75,1.12
EQIX,Equinix,Real Estate,1.93,1.79,61.14,26.88,1.5
EQR,Equity Residential,Real Estate,3.23,11.68,27.86,22.96,1.57
ESS,"Essex Property Trust, Inc.",Real Estate,3.04,6.27,94.5,15.32,0.89818
EL,Estee Lauder Cos.,Consumer Staples,1.64,2.89,10.36,30.33,2.2
ES,Eversource Energy,Utilities,3.26,2.96,33.8,18.56,2.55
EXC,Exelon Corp.,Utilities,3.61,1.22,27.96,33.48,9.13
EXPE,Expedia Inc.,Consumer Discretionary,0.93,1.82,27.54,18.34,1.07
EXPD,Expeditors Int'l,Industrials,1.42,2.36,10.26,10.1,0.71696
ESRX,Express Scripts,Health Care,0,5.39,26.81,40.82,7.1
EXR,Extra Space Storage,Real Estate,3.95,2.91,17.88,9.92,0.64929
XOM,Exxon Mobil Corp.,Energy,3.64,1.88,40.34,342.17,23.24
FFIV,F5 Networks,Information Technology,0,5.54,18.44,9.3,0.61023
FB,"Facebook, Inc.",Information Technology,0,3.49,20.51,396.79,14.84
FAST,Fastenal Co,Industrials,2.47,1.73,6.68,14.86,0.89936
FRT,Federal Realty Investment Trust,Real Estate,2.9,3.5,27.32,9.62,0.51283
FDX,FedEx Corporation,Industrials,0.82,6.8,54.52,51.41,7.86
FIS,Fidelity National Information Services,Information Technology,1.4,1.72,29.7,27.17,2.27
FITB,Fifth Third Bancorp,Financials,2.01,1.93,19.82,20.55,0
FSLR,First Solar Inc,Information Technology,0,-3.48,50.1,3.39,0.57174
FE,FirstEnergy Corp,Utilities,4.54,-14.5,14.11,13.8,4.12
FISV,Fiserv Inc,Information Technology,0,4.15,11.79,25.09,1.72
FLIR,FLIR Systems,Information Technology,1.65,1.2,12.31,4.98,0.35466
FLS,Flowserve Corporation,Industrials,1.63,1.11,12.7,6,0.47792
FLR,Fluor Corp.,Industrials,1.51,2,22.44,7.68,0.88816
FMC,FMC Corporation,Materials,1.11,1.56,14.64,7.9,0.7144
FTI,FMC Technologies Inc.,Energy,3.43,2.47,43.01,3.76,1.16
FL,Foot Locker Inc,Consumer Discretionary,1.62,4.91,20.33,10.09,1.16
F,Ford Motor,Consumer Discretionary,4.74,1.15,7.34,49.52,13.3
FTV,Fortive Corp,Industrials,0.48,2.51,7.77,20.13,1.44
FBHS,Fortune Brands Home & Security,Industrials,1.23,2.62,15.39,8.87,0.7747
BEN,Franklin Resources,Financials,1.87,2.97,21.15,23.96,2.32
FCX,Freeport-McMoRan Inc.,Materials,0,-3.15,4.19,18.34,3.85
FTR,Frontier Communications,Telecommunications Services,14.63,-0.51,3.85,3.07,3.47
GPS,Gap (The),Consumer Discretionary,3.73,1.69,7.28,9.65,1.92
GRMN,Garmin Ltd.,Consumer Discretionary,3.96,2.7,18.13,9.71,0.71025
GD,General Dynamics,Industrials,1.77,9.52,36.43,57.69,4.76
GE,General Electric,Industrials,3.19,0.89,8.67,260.52,17.14
GGP,General Growth Properties Inc.,Real Estate,3.61,1.34,9.5,21.14,1.86
GIS,General Mills,Consumer Staples,3.16,2.68,7.2,34.95,3.38
GM,General Motors,Consumer Discretionary,3.98,6,29.22,56.2,19.68
GPC,Genuine Parts,Consumer Discretionary,2.85,4.59,21.52,13.88,1.22
GILD,Gilead Sciences,Health Care,2.94,9.94,14.42,90.21,19.22
GPN,Global Payments Inc,Information Technology,0.05,1.39,17.29,12.31,0.98935
GS,Goldman Sachs Group,Financials,1.03,16.29,182.46,104.08,0
GT,Goodyear Tire & Rubber,Consumer Discretionary,0.95,4.74,17.91,8.88,2.51
GWW,Grainger (W.W.) Inc.,Industrials,1.95,9.87,30.58,14.74,1.46
HAL,Halliburton Co.,Energy,1.34,-6.69,10.86,45.92,2.16
HBI,Hanesbrands Inc,Consumer Discretionary,2.92,1.41,3.23,7.57,1.01
HOG,Harley-Davidson,Consumer Discretionary,2.48,3.83,11,10.09,1.28
HAR,Harman Int'l Industries,Consumer Discretionary,1.25,5.06,36.87,7.79,0.86035
HRS,Harris Corporation,Information Technology,1.92,5.28,25.4,13.66,1.58
HIG,Hartford Financial Svc.Gp.,Financials,1.87,2.27,45.2,18.01,1.48
HAS,Hasbro Inc.,Consumer Discretionary,2.33,4.34,14.96,12.08,0.97538
HCA,HCA Holdings,Health Care,0,7.3,-19.71,32.07,8.16
HCP,HCP Inc.,Real Estate,4.6,1.34,11.85,14.65,1.28
HP,Helmerich & Payne,Energy,4.04,-1.02,41.23,7.42,0.49541
HSIC,Henry Schein,Health Care,0,6.19,35.18,13.55,0.98724
HES,Hess Corporation,Energy,1.96,-19.92,45.92,15.67,0.936
HPE,Hewlett Packard Enterprise,Information Technology,1.04,1.84,18.94,37.95,7.8
HOLX,Hologic,Health Care,0,1.17,8.02,11.44,1.04
HD,Home Depot,Consumer Discretionary,2.41,6.45,3.59,176.1,15.4
HON,Honeywell Int'l Inc.,Industrials,2.11,6.2,25.46,96.11,7.71
HRL,Hormel Foods Corp.,Consumer Staples,1.92,1.65,8.66,18.42,1.41
HST,Host Hotels & Resorts,Real Estate,4.35,1.02,9.48,13.44,1.42
HPQ,HP Inc.,Information Technology,3.06,1.47,-2.54,29.43,4.26
HUM,Humana Inc.,Health Care,0.75,4.07,71.57,32.55,2.06
HBAN,Huntington Bancshares,Financials,2.22,0.7,8.51,15.46,0
IDXX,IDEXX Laboratories,Health Care,0,2.44,-1.23,12.94,0.43068
ITW,Illinois Tool Works,Industrials,1.94,5.7,12.26,46.4,3.53
ILMN,Illumina Inc,Health Care,0,3.07,15.03,24.22,0.71878
INCY,Incyte,Health Care,0,0.54,2.22,25.27,0.19085
IR,Ingersoll-Rand PLC,Industrials,2,5.65,25.65,20.65,1.92
INTC,Intel Corp.,Information Technology,2.9,2.12,14,169.26,22.87
ICE,Intercontinental Exchange,Financials,1.36,2.37,26.42,6.75,2.75
IBM,International Business Machines,Information Technology,3.11,12.38,19.29,170.14,18.55
IP,International Paper,Materials,3.43,2.18,10.56,21.17,2.87
IPG,Interpublic Group,Consumer Discretionary,2.97,1.49,5.15,9.5,1.1
IFF,Intl Flavors & Fragrances,Materials,2.05,5.05,20.53,9.79,0.67298
INTU,Intuit Inc.,Information Technology,1.08,3.72,3.07,32.08,1.41
ISRG,Intuitive Surgical Inc.,Health Care,0,18.73,148.91,28.32,1.05
IVZ,Invesco Ltd.,Financials,3.46,2.06,18.58,12.91,1.33
IRM,Iron Mountain Incorporated,Real Estate,6.05,0.42,7.34,9.44,1.11
JBHT,J. B. Hunt Transport Services,Industrials,0.94,3.81,12.7,10.75,1.08
JEC,Jacobs Engineering Group,Industrials,1.06,1.85,33.59,6.84,0.64212
SJM,JM Smucker,Consumer Staples,2.14,5.74,62.19,16.21,1.66
JNJ,Johnson & Johnson,Health Care,2.59,5.93,26.02,335.99,24.96
JCI,Johnson Controls International,Industrials,2.66,-1.34,20.86,38.93,3.76
JPM,JPMorgan Chase & Co.,Financials,2.07,6.19,64.07,325.49,0
JNPR,Juniper Networks,Information Technology,1.41,1.53,13.02,10.75,1.11
KSU,Kansas City Southern,Industrials,1.47,4.43,38.31,9.49,1.12
K,Kellogg Co.,Consumer Staples,2.79,1.96,5.44,26.03,2.25
KEY,KeyCorp,Financials,1.78,0.8,12.58,20.15,0
KMB,Kimberly-Clark,Consumer Staples,2.9,5.99,-0.29,47.52,4.08
KIM,Kimco Realty,Real Estate,4.62,0.79,12.37,9.68,0.76614
KMI,Kinder Morgan,Energy,2.3,0.25,15.44,48.29,6.16
KLAC,KLA-Tencor Corp.,Information Technology,2.39,5.5,6.16,14.27,1.25
KSS,Kohl's Corp.,Consumer Discretionary,4.96,3.11,29.75,6.87,2.31
KHC,Kraft Heinz Co,Consumer Staples,2.62,2.81,47.15,110.52,8.57
KR,Kroger Co.,Consumer Staples,1.62,2.05,7.26,26.62,5.78
LB,L Brands Inc.,Consumer Discretionary,4.59,3.98,-4.16,14.35,2.51
LLL,L-3 Communications Holdings,Industrials,1.79,9.01,58.95,13.15,1.23
LH,Laboratory Corp. of America Holding,Health Care,0,7.02,53.61,14.54,1.83
LRCX,Lam Research,Information Technology,1.52,5.58,39.39,19.12,1.62
LEG,Leggett & Platt,Consumer Discretionary,2.75,2.76,8.18,6.63,0.5892
LEN,Lennar Corp.,Consumer Discretionary,0.32,3.93,29.97,11.89,1.34
LUK,Leucadia National Corp.,Financials,0.94,0.34,28.18,9.59,1.25
LVLT,Level 3 Communications,Telecommunications Services,0,1.87,30.32,20,2.67
LLY,Lilly (Eli) & Co.,Health Care,2.48,2.58,13.33,86.95,5.37
LNC,Lincoln National,Financials,1.63,5.03,63.97,15.6,1.8
LLTC,Linear Technology Corp.,Information Technology,2.04,2.04,7.81,15.73,0.72598
LKQ,LKQ Corporation,Consumer Discretionary,0,1.5,11.19,9.51,1
LMT,Lockheed Martin Corp.,Industrials,2.72,17.49,5.23,77.75,6.11
L,Loews Corp.,Financials,0.52,1.93,53.96,15.97,2.94
LOW,Lowe's Cos.,Consumer Discretionary,1.71,3.47,7.43,70.01,7.44
LYB,LyondellBasell,Materials,3.69,9.13,14.97,36.72,6.07
MTB,M&T Bank Corp.,Financials,1.7,7.78,97.66,25.71,0
MAC,Macerich,Real Estate,4.27,3.52,28.52,9.39,0.64491
M,Macy's Inc.,Consumer Discretionary,4.75,1.99,14.22,9.37,2.9
MNK,Mallinckrodt Plc,Health Care,0,2.58,47.62,5.2,1.48
MRO,Marathon Oil Corp.,Energy,1.24,-2.61,20.71,13.79,1.2
MPC,Marathon Petroleum,Energy,2.81,2.21,25.68,26.47,4.66
MAR,Marriott Int'l.,Consumer Discretionary,1.38,2.64,13.88,33.04,2
MMC,Marsh & McLennan,Financials,1.83,3.38,12.03,37.91,3.1
MLM,Martin Marietta Materials,Materials,0.77,6.63,65.53,13.24,0.95467
MAS,Masco Corp.,Industrials,1.17,1.47,-0.94,10.57,1.19
MA,Mastercard Inc.,Information Technology,0.79,3.69,5.23,119.61,6.25
MAT,Mattel Inc.,Consumer Discretionary,5.97,0.92,7.03,8.57,0.82347
MKC,McCormick & Co.,Consumer Staples,1.89,3.69,12.98,12.39,0.7541
MCD,McDonald's Corp.,Consumer Discretionary,2.94,5.44,-2.69,104.89,9.34
MCK,McKesson Corp.,Health Care,0.73,8.43,36.27,31.22,4.62
MJN,Mead Johnson,Consumer Staples,1.87,2.92,-2.8,16.2,1.01
MDT,Medtronic plc,Health Care,2.1,2.83,35.99,111.7,8.89
MRK,Merck & Co.,Health Care,2.82,1.41,14.58,181.1,12
MET,MetLife Inc.,Financials,2.92,0.63,61.44,58.01,1.57
MTD,Mettler Toledo,Health Care,0,14.22,16.72,12.48,0.58824
KORS,Michael Kors Holdings,Consumer Discretionary,0,4.38,11.42,5.84,1.22
MCHP,Microchip Technology,Information Technology,1.97,0.41,11.86,15.98,0.9251
MU,Micron Technology,Information Technology,0,-0.3,11.8,28.27,3.39
MSFT,Microsoft Corp.,Information Technology,2.43,2.12,8.9,497.65,27.74
MAA,Mid-America Apartments,Real Estate,3.44,2.69,56.41,11.44,0.63626
MHK,Mohawk Industries,Consumer Discretionary,0,49.9,77.88,16.86,1.7
TAP,Molson Coors Brewing Company,Consumer Staples,1.64,9.26,53.13,20.85,0.851
MDLZ,Mondelez International,Consumer Staples,1.74,1.05,16.46,66,4.24
MON,Monsanto Co.,Materials,1.88,3.65,10.04,50.46,4.01
MNST,Monster Beverage,Consumer Staples,0,1.19,5.88,26.46,1.21
MCO,Moody's Corp,Financials,1.35,1.36,-6.42,21.5,1.64
MS,Morgan Stanley,Financials,1.71,2.92,36.99,86.46,0
MSI,Motorola Solutions Inc.,Information Technology,2.33,3.24,-5.85,13.12,1.54
MUR,Murphy Oil,Energy,3.57,-1.6,28.55,4.78,0.88273
MYL,Mylan N.V.,Health Care,0,0.92,20.76,23.2,3.53
NDAQ,NASDAQ OMX Group,Financials,1.8,0.64,32.6,11.83,1.16
NOV,National Oilwell Varco Inc.,Energy,0.5,-6.41,36.82,14.88,-0.736
NAVI,Navient,Financials,4.29,2.12,12.72,4.23,0
NTAP,NetApp,Information Technology,1.78,1.1,9.94,11.56,0.768
NFLX,Netflix Inc.,Information Technology,0,0.43,6.23,60.87,0.43732
NWL,Newell Brands,Consumer Discretionary,1.54,1.25,23.52,23.41,2.39
NFX,Newfield Exploration Co,Energy,0,-6.37,4.75,7.08,0.536
NEM,Newmont Mining Corp. (Hldg. Co.),Materials,0.59,-1.18,20.17,17.52,2.59
NWSA,News Corp. Class A,Consumer Discretionary,1.55,-0.63,18.84,7.36,0.669
NWS,News Corp. Class B,Consumer Discretionary,1.51,-0.63,18.84,7.56,0.669
NEE,NextEra Energy,Utilities,3,6.25,52.01,61.09,7.67
NLSN,Nielsen Holdings,Industrials,2.77,1.39,11.48,15.91,1.62
NKE,Nike,Consumer Discretionary,1.27,2.27,7.44,93.56,5.18
NI,NiSource Inc.,Utilities,2.95,1.02,12.6,7.6,1.36
NBL,Noble Energy Inc,Energy,1.09,-2.32,21.5,15.5,0.852
JWN,Nordstrom,Consumer Discretionary,3.19,2.02,5.12,7.49,1.65
NSC,Norfolk Southern Corp.,Industrials,1.99,5.62,42.73,35.45,4.1
NTRS,Northern Trust Corp.,Financials,1.71,4.32,38.88,20.22,0
NOC,Northrop Grumman Corp.,Industrials,1.48,12.19,30.04,42.56,3.65
NRG,NRG Energy,Utilities,0.69,-2.22,6.47,5.4,2.75
NUE,Nucor Corp.,Materials,2.41,2.48,24.72,19.43,2.15
NVDA,Nvidia Corporation,Information Technology,0.57,2.57,9.85,58.16,2.13
ORLY,O'Reilly Automotive,Consumer Discretionary,0,10.73,17.52,24.73,1.92
OXY,Occidental Petroleum,Energy,4.69,-0.75,28.13,49.45,2.69
OMC,Omnicom Group,Consumer Discretionary,2.58,4.78,9.21,19.72,2.3
OKE,ONEOK,Energy,4.36,1.66,0.9,11.92,1.67
ORCL,Oracle Corp.,Information Technology,1.41,2.1,11.81,174.76,14.6
PCAR,PACCAR Inc.,Industrials,1.4,1.48,19.33,23.71,2.43
PH,Parker-Hannifin,Industrials,1.68,6.48,33.97,20.99,1.6
PDCO,Patterson Companies,Health Care,2.13,1.82,14.63,4.18,0.39844
PAYX,Paychex Inc.,Information Technology,2.94,2.15,5.06,22.31,1.31
PYPL,PayPal,Information Technology,0,1.15,12.19,51.79,2.1
PNR,Pentair Ltd.,Industrials,2.33,2.86,23.41,10.71,0.9195
PBCT,People's United Financial,Financials,3.51,0.92,15.85,5.9,0
PEP,PepsiCo Inc.,Consumer Staples,2.72,4.36,7.88,156.02,12.11
PKI,PerkinElmer,Health Care,0.51,2.13,19.65,5.94,0.40594
PRGO,Perrigo,Health Care,0.88,-10.08,60.47,10.08,1.34
PFE,Pfizer Inc.,Health Care,3.71,1.17,9.81,202.3,19.81
PCG,PG&E Corp.,Utilities,2.97,2.78,35.39,33.65,5.16
PM,Philip Morris International,Consumer Staples,3.77,4.48,-8.18,171.51,11.56
PSX,Phillips 66,Energy,3.22,2.92,43.16,40.12,2.24
PNW,Pinnacle West Capital,Utilities,3.16,3.95,43.15,9.19,1.42
PXD,Pioneer Natural Resources,Energy,0.04,-3.35,61.3,32.93,0.776
PNC,PNC Financial Services,Financials,1.72,7.3,94.22,61.94,0
RL,Polo Ralph Lauren Corp.,Consumer Discretionary,2.51,1.75,43.92,6.51,1.01
PPG,PPG Industries,Materials,1.57,3.28,18.75,25.91,2.56
PPL,PPL Corp.,Utilities,4.31,2.79,14.56,25.04,4.05
PX,Praxair Inc.,Materials,2.68,5.21,17.62,33.86,3.44
PCLN,Priceline.com Inc,Consumer Discretionary,0,42.65,199.64,85.38,4.15
PFG,Principal Financial Group,Financials,2.83,4.5,35.55,18.12,1.95
PG,Procter & Gamble,Consumer Staples,2.96,5.46,20.35,230.82,17.77
PGR,Progressive Corp.,Financials,1.71,1.76,13.72,22.84,1.81
PLD,Prologis,Real Estate,3.44,2.27,28.21,26.76,1.81
PRU,Prudential Financial,Financials,2.67,9.71,106.76,47.83,7.5
PEG,Public Serv. Enterprise Inc.,Utilities,3.78,1.75,26.01,22.77,3.37
PSA,Public Storage,Real Estate,3.53,6.81,29.11,39.59,1.86
PHM,Pulte Homes Inc.,Consumer Discretionary,1.6,1.75,14.6,7.24,1.03
PVH,PVH Corp.,Consumer Discretionary,0.17,7.15,60.33,7.11,1.07
QRVO,Qorvo,Information Technology,0,-0.75,38.49,8.46,0.83108
QCOM,QUALCOMM Inc.,Information Technology,3.76,3.28,21.12,83.79,8.55
PWR,Quanta Services Inc.,Industrials,0,1.26,22.08,5.68,0.5442
DGX,Quest Diagnostics,Health Care,1.83,4.51,33.78,13.5,1.41
RRC,Range Resources Corp.,Energy,0.29,-2.75,22.16,6.81,0.01157
RTN,Raytheon Co.,Industrials,1.91,7.44,34.38,45.24,3.69
O,Realty Income Corporation,Real Estate,4.19,1.13,24.49,15.57,0.99764
RHT,Red Hat Inc.,Information Technology,0,1.31,7.12,14.61,0.39837
REG,Regency Centers Corporation,Real Estate,2.95,1.42,21.76,6.84,0.40428
REGN,Regeneron,Health Care,0,7.7,42.19,39.29,1.44
RF,Regions Financial Corp.,Financials,1.69,0.87,13.05,18.38,0
RSG,Republic Services Inc,Industrials,2.06,1.78,22.66,21.05,2.65
RAI,Reynolds American Inc.,Consumer Staples,3.32,4.25,15.23,87.24,6.03
RHI,Robert Half International,Industrials,2.02,2.67,8.5,6.07,0.61754
ROK,Rockwell Automation Inc.,Industrials,1.99,5.81,15.94,19.75,1.19
COL,Rockwell Collins,Industrials,1.36,5.59,16.85,12.75,1.22
ROP,Roper Industries,Industrials,0.66,6.43,56.94,21.57,1.3
ROST,Ross Stores,Consumer Discretionary,0.95,2.83,7.08,25.96,2.11
RCL,Royal Caribbean Cruises Ltd,Consumer Discretionary,2.01,5.93,42.51,20.31,2.38
R,Ryder System,Industrials,2.29,4.9,38.39,4.07,1.81
SPGI,"S&P Global, Inc.",Financials,1.27,7.94,2.52,33.77,2.47
CRM,Salesforce.com,Information Technology,0,0.26,10.7,58.16,0.69647
SCG,SCANA Corp,Utilities,3.48,4.16,40.06,9.98,1.6
SLB,Schlumberger Ltd.,Energy,2.38,-1.24,29.52,111.25,6.38
SNI,Scripps Networks Interactive Inc.,Consumer Discretionary,1.53,5.18,14.69,10.14,1.52
STX,Seagate Technology,Information Technology,5.15,1.71,5.16,14.25,1.71
SEE,Sealed Air,Materials,1.38,2.46,3.15,8.59,1.04
SRE,Sempra Energy,Utilities,3.01,5.46,51.77,27.71,2.94
SHW,Sherwin-Williams,Materials,1.09,11.99,20.3,28.74,1.98
SIG,Signet Jewelers,Consumer Discretionary,1.61,6.68,32.06,4.4,0.9051
SPG,Simon Property Group Inc,Real Estate,3.9,5.87,13.63,55.5,4
SWKS,Skyworks Solutions,Information Technology,1.18,4.73,19.81,17.58,1.37
SLG,SL Green Realty,Real Estate,2.76,2.34,70.63,11.28,0.98259
SNA,Snap-On Inc.,Consumer Discretionary,1.67,9.2,45.16,9.77,0.9267
SO,Southern Co.,Utilities,4.45,2.55,25,49.95,7.63
LUV,Southwest Airlines,Industrials,0.68,3.55,13.72,34.96,5.27
SWN,Southwestern Energy,Energy,0,-6.32,1.86,3.74,0.301
SWK,Stanley Black & Decker,Consumer Discretionary,1.81,6.51,41.73,19.52,1.88
SPLS,Staples Inc.,Consumer Discretionary,5.34,-0.71,7.14,5.71,1.36
SBUX,Starbucks Corp.,Consumer Discretionary,1.58,1.95,3.98,81.91,4.95
STT,State Street Corp.,Financials,1.89,4.97,47.19,30.4,0
SRCL,Stericycle Inc,Industrials,0,2.08,32.83,6.91,0.81854
SYK,Stryker Corp.,Health Care,1.31,4.35,25.47,48.15,3.11
STI,SunTrust Banks,Financials,1.73,3.6,45.38,29.33,0
SYMC,Symantec Corp.,Information Technology,1.03,3.32,6.38,18.13,0.875
SYF,Synchrony Financial,Financials,1.44,2.71,17.37,28.86,0
SYY,Sysco Corp.,Consumer Staples,2.53,1.83,4.58,28.25,3
TROW,T. Rowe Price Group,Financials,3.2,4.75,20.46,17.26,1.93
TGT,Target Corp.,Consumer Discretionary,4.18,4.7,19.69,30.67,7.27
TEL,TE Connectivity Ltd.,Information Technology,1.96,5.72,24.86,26.42,2.63
TGNA,"Tegna, Inc.",Consumer Discretionary,2.16,1.99,10.59,5.54,1.21
TDC,Teradata Corp.,Information Technology,0,0.95,7.43,4.06,0.38
TSO,Tesoro Petroleum Co.,Energy,2.64,6.12,46.79,9.75,2.09
TXN,Texas Instruments,Information Technology,2.57,3.48,10.52,79.09,5.7
TXT,Textron Inc.,Industrials,0.17,3.53,20.62,12.92,1.59
BK,The Bank of New York Mellon Corp.,Financials,1.58,3.15,33.67,49.46,0
CLX,The Clorox Company,Consumer Staples,2.34,4.99,2.11,17.56,1.22
COO,The Cooper Companies,Health Care,0.03,6.07,57.07,9.56,0.62857
HSY,The Hershey Company,Consumer Staples,2.27,3.34,3.7,22.97,1.62
MOS,The Mosaic Company,Materials,1.99,0.85,27.37,10.22,1.2
TRV,The Travelers Companies Inc.,Financials,2.16,10.28,83.05,34.16,5.12
DIS,The Walt Disney Company,Consumer Discretionary,1.4,5.54,27.01,175.3,16.78
TMO,Thermo Fisher Scientific,Health Care,0.37,5.09,54.74,61.39,4.53
TIF,Tiffany & Co.,Consumer Discretionary,1.99,3.57,23.37,11.05,0.9348
TWX,Time Warner Inc.,Consumer Discretionary,1.63,4.95,31.52,76.07,8.57
TJX,TJX Companies Inc.,Consumer Discretionary,1.32,3.46,6.86,51.47,4.51
TMK,Torchmark Corp.,Financials,0.77,4.49,38.69,9.19,0.86538
TSS,Total System Services,Information Technology,0.73,1.73,11.45,9.95,0.85436
TSCO,Tractor Supply Company,Consumer Discretionary,1.33,3.27,11.11,9.34,0.83984
TDG,TransDigm Group,Industrials,0,8.56,-35.1,12.82,1.51
RIG,Transocean,Energy,0,2.1,41.27,4.67,1.69
TRIP,TripAdvisor,Consumer Discretionary,0,0.82,10.42,5.96,0.215
FOXA,Twenty-First Century Fox Class A,Consumer Discretionary,1.18,1.64,7.75,56.49,6.95
FOX,Twenty-First Century Fox Class B,Consumer Discretionary,1.2,1.64,7.75,55.73,6.95
TSN,Tyson Foods,Consumer Staples,1.42,4.96,26.01,22.72,3.78
USB,U.S. Bancorp,Financials,2.02,3.24,24.63,93.22,0
UDR,UDR Inc,Real Estate,3.29,1.08,11.4,9.69,0.60553
ULTA,Ulta Salon Cosmetics & Fragrance Inc,Consumer Discretionary,0,5.97,23.3,16.8,0.79709
UA,Under Armour,Consumer Discretionary,0,0.44,4.63,7.94,0.56224
UAA,Under Armour,Consumer Discretionary,0,0.44,4.63,8.63,0.56224
UNP,Union Pacific,Industrials,2.22,5.07,24.43,88.18,9.31
UAL,United Continental Holdings,Industrials,0,6.85,27.52,22.85,6.85
UNH,United Health Group Inc.,Health Care,1.49,7.25,40.2,160.08,14.51
UPS,United Parcel Service,Industrials,3.13,3.87,0.47,91.91,7.7
URI,"United Rentals, Inc.",Industrials,0,6.45,19.57,10.8,1.72
UTX,United Technologies,Industrials,2.35,6.12,34.1,90.48,10.04
UHS,"Universal Health Services, Inc.",Health Care,0.32,7.14,46.91,11.95,1.7
UNM,Unum Group,Financials,1.63,3.95,39.02,11.17,1.62
URBN,Urban Outfitters,Consumer Discretionary,0,1.92,10.73,2.95,0.49769
VFC,V.F. Corp.,Consumer Discretionary,3.19,2.55,11.93,21.79,1.93
VLO,Valero Energy,Energy,4.24,4.93,44.35,29.6,5.52
VAR,Varian Medical Systems,Health Care,0,3.51,18.45,8.04,0.6334
VTR,Ventas Inc,Real Estate,4.87,1.86,29.54,22.22,1.83
VRSN,Verisign Inc.,Information Technology,0,3.42,-11.65,8.56,0.74474
VRSK,Verisk Analytics,Industrials,0,3.46,7.98,13.61,0.9372
VZ,Verizon Communications,Telecommunications Services,4.61,3.21,5.53,201.55,43.39
VRTX,Vertex Pharmaceuticals Inc,Health Care,0,-0.46,4.66,22.69,0.0634
VIAB,Viacom Inc.,Consumer Discretionary,1.89,3.48,11.23,17.04,2.86
V,Visa Inc.,Information Technology,0.74,2.58,11.2,206.98,11.01
VNO,Vornado Realty Trust,Real Estate,2.61,4.34,30.99,20.39,1.4
VMC,Vulcan Materials,Materials,0.82,3.09,34.55,15.67,0.94985
WMT,Wal-Mart Stores,Consumer Staples,2.91,4.38,25.38,214.15,32.84
WBA,Walgreens Boots Alliance,Consumer Staples,1.75,3.78,27.17,92.82,7.89
WM,Waste Management Inc.,Industrials,2.33,2.65,12.06,31.97,3.71
WAT,Waters Corporation,Health Care,0,6.41,28.77,12.28,0.72731
WEC,Wec Energy Group Inc,Utilities,3.51,2.96,28.29,18.71,2.44
WFC,Wells Fargo,Financials,2.58,3.99,35.21,291.7,0
HCN,Welltower Inc.,Real Estate,5,2.81,38.06,24.83,2.11
WDC,Western Digital,Information Technology,2.58,-1.59,37.26,22.12,2.89
WU,Western Union Co,Information Technology,3.51,0.51,1.87,9.57,1.37
WRK,WestRock Company,Materials,2.96,0.54,38.02,12.79,2.16
WY,Weyerhaeuser Corp.,Real Estate,3.63,1.4,12.26,25.07,1.59
WHR,Whirlpool Corp.,Consumer Discretionary,2.25,11.5,64.1,13.06,2.18
WFM,Whole Foods Market,Consumer Staples,1.89,1.38,10.34,9.39,1.37
WMB,Williams Cos.,Energy,4.05,-0.57,6.19,24.3,3.43
WLTW,Willis Towers Watson,Financials,1.63,2.26,78.47,17.45,1.58
WYN,Wyndham Worldwide,Consumer Discretionary,2.52,5.53,6.76,8.63,1.31
WYNN,Wynn Resorts Ltd,Consumer Discretionary,1.98,2.38,1.55,10.11,0.95059
XEL,Xcel Energy Inc,Utilities,3.29,2.21,21.73,22.23,3.65
XRX,Xerox Corp.,Information Technology,3.4,-0.49,4.74,7.48,1.52
XLNX,Xilinx Inc,Information Technology,2.25,2.28,9.97,14.62,0.76713
XL,XL Capital,Financials,2.18,1.56,40.99,10.63,1.1
XYL,Xylem Inc.,Industrials,1.48,1.45,12.21,8.75,0.615
YHOO,Yahoo Inc.,Information Technology,0,-0.23,32.5,43.74,0.2268
YUM,Yum! Brands Inc,Consumer Discretionary,2.66,4.04,-15.93,22.65,1.96
ZBH,Zimmer Biomet Holdings,Health Care,0.81,1.51,48.2,23.54,2.8
ZION,Zions Bancorp,Financials,0.71,1.99,34.1,9.17,0
ZTS,Zoetis,Health Care,0.79,1.65,3.02,26.11,1.7
